{
  "size_results": {
    "\u226410": {
      "count": 455,
      "f1_macro_mean": 0.7092282273708866,
      "f1_macro_std": 0.020391936371204757,
      "f1_binary_mean": 0.8251971376225752,
      "f1_binary_std": 0.02022081124792798,
      "positive_ratio": 0.6747252747252748,
      "size_range": [
        0,
        10
      ]
    },
    "11-20": {
      "count": 274,
      "f1_macro_mean": 0.6604752270682867,
      "f1_macro_std": 0.019278612359363175,
      "f1_binary_mean": 0.5699354476067814,
      "f1_binary_std": 0.04670633075339029,
      "positive_ratio": 0.39416058394160586,
      "size_range": [
        11,
        20
      ]
    },
    "21-30": {
      "count": 77,
      "f1_macro_mean": 0.6421394799054374,
      "f1_macro_std": 0.1230750278129068,
      "f1_binary_mean": 0.3333333333333333,
      "f1_binary_std": 0.23570226039551584,
      "positive_ratio": 0.11688311688311688,
      "size_range": [
        21,
        30
      ]
    },
    "31-50": {
      "count": 104,
      "f1_macro_mean": 0.8663634840105429,
      "f1_macro_std": 0.07148216785682598,
      "f1_binary_mean": 0.7952069716775599,
      "f1_binary_std": 0.11274378242209683,
      "positive_ratio": 0.25961538461538464,
      "size_range": [
        31,
        50
      ]
    },
    ">50": {
      "count": 56,
      "f1_macro_mean": 0.9459432895965403,
      "f1_macro_std": 0.0011814649643885245,
      "f1_binary_mean": 0.9507101086048454,
      "f1_binary_std": 0.002362929928777101,
      "positive_ratio": 0.5714285714285714,
      "size_range": [
        51,
        144
      ]
    }
  },
  "filtering_results": {
    "baseline": {
      "count": 966,
      "percentage": 100.0,
      "f1_original": 0.7721129292335033,
      "f1_original_std": 0.018512431824998416,
      "class_balance": 0.5,
      "f1_optimized": 0.7824308573799502,
      "f1_optimized_std": 0.010423511139703728
    },
    "\u226410": {
      "count": 455,
      "percentage": 47.10144927536232,
      "f1_original": 0.6704047135630521,
      "f1_original_std": 0.042549191298335724,
      "class_balance": 0.6747252747252748,
      "f1_optimized": 0.667382006997178,
      "f1_optimized_std": 0.07908837681769114
    },
    "\u226420": {
      "count": 729,
      "percentage": 75.46583850931677,
      "f1_original": 0.7146737391547868,
      "f1_original_std": 0.019383264573592632,
      "class_balance": 0.5692729766803841,
      "f1_optimized": 0.7154845845452775,
      "f1_optimized_std": 0.007424567576229971
    },
    "\u226430": {
      "count": 806,
      "percentage": 83.4368530020704,
      "f1_original": 0.7361378667836078,
      "f1_original_std": 0.031939768950647214,
      "class_balance": 0.5260545905707196,
      "f1_optimized": 0.731002677269221,
      "f1_optimized_std": 0.02552613307419913
    },
    "\u226440": {
      "count": 880,
      "percentage": 91.09730848861284,
      "f1_original": 0.7564063969186255,
      "f1_original_std": 0.015198533756674749,
      "class_balance": 0.4909090909090909,
      "f1_optimized": 0.7609870192665559,
      "f1_optimized_std": 0.03369414033624735
    },
    "\u226450": {
      "count": 910,
      "percentage": 94.20289855072464,
      "f1_original": 0.7620645242551246,
      "f1_original_std": 0.03347474852232761,
      "class_balance": 0.4956043956043956,
      "f1_optimized": 0.7599568659316496,
      "f1_optimized_std": 0.03503100098435095
    },
    ">30": {
      "count": 160,
      "percentage": 16.563146997929607,
      "f1_original": 0.9158829011215012,
      "f1_original_std": 0.03749034186953564,
      "class_balance": 0.36875,
      "f1_optimized": 0.9366742028430355,
      "f1_optimized_std": 0.05268280215832085
    },
    "5-30": {
      "count": 598,
      "percentage": 61.904761904761905,
      "f1_original": 0.7223236084897463,
      "f1_original_std": 0.01224800274986308,
      "class_balance": 0.4531772575250836,
      "f1_optimized": 0.7196184328129712,
      "f1_optimized_std": 0.029625388426150315
    },
    "5-40": {
      "count": 672,
      "percentage": 69.56521739130434,
      "f1_original": 0.7420675629295856,
      "f1_original_std": 0.041055344259575605,
      "class_balance": 0.41517857142857145,
      "f1_optimized": 0.7306744705266237,
      "f1_optimized_std": 0.03649720030247782
    },
    "10-50": {
      "count": 495,
      "percentage": 51.24223602484472,
      "f1_original": 0.730739751462072,
      "f1_original_std": 0.04789522037887207,
      "class_balance": 0.33535353535353535,
      "f1_optimized": 0.7326633542276328,
      "f1_optimized_std": 0.06225814409278373
    }
  }
}