{
  "accuracy_mean": 0.7878104802093906,
  "accuracy_std": 0.022900598319166913,
  "precision_mean": 0.781864387134164,
  "precision_std": 0.018975597640739222,
  "recall_mean": 0.7993341924398625,
  "recall_std": 0.04851345360432535,
  "f1_mean": 0.7896528464614824,
  "f1_std": 0.02685015399146694
}