{
  "accuracy": 0.7628865979381443,
  "precision": 0.7428571428571429,
  "recall": 0.8041237113402062,
  "f1_score": 0.7722772277227723
}